<?xml version="1.0" encoding="UTF-8" standalone="yes"?>
<addon id="repository.kodileiarepo" name="[COLOR lime]Kodileia Wizard[/COLOR] Repo" version="0.0.1" provider-name="LouFesta y Supertopo">
    <extension point="xbmc.addon.repository" name="Mi repositorio">
        <info>https://raw.githubusercontent.com/Leia18/kodileiarepo/master/Repositorio/addons.xml</info>
        <checksum>https://raw.githubusercontent.com/Leia18/kodileiarepo/master/Repositorio/addons.xml.md5</checksum>
        <datadir zip="true">https://raw.githubusercontent.com/Leia18/kodileiarepo/master/Repositorio/</datadir>
    </extension>
    <extension point="xbmc.addon.metadata">
        <summary>Repositorio wizards kodileia</summary>
        <description></description>
        <disclaimer></disclaimer>
        <platform>all</platform>
    </extension>
</addon>
